Наименование;Цена;Локация;Описание
Продам гостиницу в Анапе. Первая линия;650 000 000 ⃏;Краснодарский край;"Продается объект: Город Анапа







Комплекс малых гостиниц







(далее КМГ)







Описание обьекта КМГ принадлежит 







физическому лицу: расположен в городе-







курорте Анапа, в непосредственной 







близости 







от моря (первая линия с примыканием







к красной) на земельных участках 







площадью 







2597 кв.м. + 373 кв.м.







Участки оформлены в собственность. 







Общая площадь дополнительньх 







участков 







1064 кв.м







На территории расположены четыре 







здания 







корпусов (3,4‚5 этажей) для размещения







отдыхающнх, площадью 3802,8 кв.м.‚ а 







также 







примыкающее строение, вьполненное







в виде башни (8 этажей, не входит в 







площадь 







корпусов).







Здания расположены в виде квадрата и 







образуют полностью закрытую 







территорию с







внутренним двором и отдельным 







выходом на 







море.















Номерной фонд КМГ состоит из:







1, Одиономнатньнк номеров с 







двуспальными 







кроватями - 15







2. Однокомнатнье номеров с двумя 







односпальными кроватями - 9







3. Однокомнатных номеров с одной 







двуспальной!одной односпальной 







кроватью -7







4. двухкомнатных номеров с одной 







двуспальной и двумя односпальными 







кроватями - 9







5. Один Двухэтажный номер с тремя 







спальными (VIP).















Все номера оборудованы: — санузлами: 







душем или ванной в двухкомнатных







номерах - два санузла;















— сплит системами;







— ЖКТ телевизорами, внутренними 







телефонами;







- сейфами;







— мебелью.















Однокомнатные номера в первом 







корпусе 







имеют меж номерные двери и могут 







использоваться как двухкомнатные















Более подробное описание при запросе















"
Продается отель в Сочи.;110 000 000 ⃏;Анапа;"3-этажный апарт-отель в Сочи. Микрорайон Адлер, улица Орбитовская. Площадь  элитного апарт-отеля 530 м². Земельный участок площадью 8 соток. 

Экстерьер здания в современном стиле. Отделка фасада из камня. Остекление  панорамное. Эксплуатируемая кровля. Интерьер в современном стиле.

Номерной фонд: 3 однокомнатных, 4 двухкомнатных и 2-уровневая студия. Все  номера с кухнями, ванными и выходом на террасу.

Инфраструктура состоит из открытого бассейна, лаунж-зоны, большой террасы и  паркинга. Центральные коммуникации. Дом газифицирован.

Поблизости пляжи, торговые центры и аквапарк ""Амфибиус"". Расстояние до моря  500 метров."
Площадь элитного отеля 750 м²;240 000 000 ⃏;Краснодарский край;"Элитный 4-этажный гостевой дом в Сочи, микрорайон Центральный, улица  Пионерская. Площадь элитного отеля 750 м². Земельный участок площадью 19  соток (назначение земли ИЖС).

Гостевой дом состоит из десяти номеров (8 двухкомнатные и 2 однокомнатные) и  хозяйских апартаментов. На первом этаже столовая с бильярдом. Интерьер в  классическом стиле. Отопление автономное. Тёплые полы.

Участок с ландшафтным дизайном и лаунж-зонами. Все коммуникации  центральные (водопровод и электричество). Здание и земельный участок в  собственности. Расстояние до моря 1130 метров."
Элитный 3-звёздочный гостиничный комплекс в  центре Сочи.;5 200 000 000 ⃏;Сочи;"Элитный 3-звёздочный гостиничный комплекс в  центре Сочи. Общая площадь  элитного гостиничного комплекса 17 536 м².

Объект состоит из 4 корпусов включающих отель, ресторан, кафе, бизнес-центр,  салон-красоты, паркинг и торговый центр. Земельный участок с ровным  ландшафтом площадью 1,4 Га.

Отель состоит из 126 номеров. В номерах современный интерьер с  функциональной мебелью, кондиционером, ТВ, сейфом и балконом.  Инфраструктура включает ресепшн, лобби-бар, ресторан и собственный пляж.  Здание оснащено лифтами. Расстояние до моря 500 метров."
"Санаторий ""Урал"" в Сочи.";220 000 000 ⃏;Краснодарский край;"Санаторий ""Урал"" в Сочи. Лазаревским район, микрорайон Лазаревское,  Сочинское шоссе, 6/2. Площадь санатория 1785 м². Земельный участок  площадью 41 соток.

Фонд санатория составляет 50 номеров. Имеется медицинская лицензия. 8  кабинетов медицинской части. Оказываются медицинские и косметические  услуги. Работает питание по системе ""Шведский стол"".

Все номера меблированы с собственной ванной комнатой. В номерах ТВ,  кондиционеры и холодильники.

Закрытая парковая благоустроенная территория. Имеется собственный  оборудованный пляж. Паркинг для гостей на территории санатория.

Санаторий действующий с полной наполняемостью. Имеется возможность  строительства на территории ещё одного корпуса.

 Поблизости вся необходимая инфраструктура для комфортной курортной жизни,  включая: пляжи, кафе, рестораны, парки, торговые центры, аквапарк и  супермаркеты. Расстояние до моря 250 метров."
дом с гостевыми номерами в Кабардинке;165 000 000 ⃏;Сочи;В ЦЕНТРЕ ЧЕРНОМОРСКОГО КУРОРТА- с. КАБАРДИНКИ (внутри городской  округ г. ГЕЛЕНДЖИК) Продаю монолитно-кирпичный жилой ДОМ размером 10*18 метров с учетом  балконов (10*15 м без учета балконов) , с комнатами категории комфорт для  приема Ваших гостей на 3+ этажах. По кадастру 362 м. кв. Балконы: ширина 130  см. Стены: керамический кирпич (облицовка ) и керамзитовый блок изнутри. Расположение: (рынок, сквер, автовокзал,магазины-1 минута шагом), до моря (пляж) 10 минут  прогулочным шагом по сосновой аллее. Участок- 5.5 соток. для ИЖС (Ж-2). Обременений нет. Ландшафтный дизайн  участка , обустроенная зона отдыха. Дополнительно имеется : сарай. А так же строение: гостевая кухня с террасой ( 2- й этаж),1эт. служебное помещение . Участок и дом в собственности(Свидетельства и кадастровые паспорта). Вход с двух улиц. КОММУНИКАЦИИ: все центральные-(электричество, вода, канализация, газ. Фото дома, участка- вышлю Вам при Вашем запросе. Все уточнения по зданиям,  оснащенности и т.д. при личном общении. Все преимущества оформления жилым  домом а не гостевым-при личном общении.
Уютная гостиница в самом сердце г.Анапы;32 000 000 ⃏;Краснодарский край;Внимание, данный объект продается БЕЗ комиссии, БЕЗ посторонней помощи! К  продаже предлагается уютный гостевой дом на 4 сотках земли, в самом сердце  города-курорта Анапы. Здание 3 этажа, 17 номеров со всеми удобствами, в  среднем площадь номера 20кв.м., имеется семейный 2х комнатный номер. Во  всех номерах имеется сплитсистема, холодильник, телевизор, современная  мебель, на каждом этаже есть балконы, ремонт закончен в мае 2022г. Все  коммуникации центральные, имеется разрешене на проведение газа. На  территории расположена детская площадка. Место положения гостевого дома  заслуживает особого внимания: в 5 мин.хотьбы расположен песчаный пляж  Джемете, продуктовые магазины, кафе, рестораны, через дорогу расположен  аквапарк, в шаговой доступности дельфинарий. На территории имеется wi-fi, во  дворе можно пожарить шашлык. Столовая оборудована всей необходимой  техникой и мебелью. До набережной Анапы можно добраться за 20мин. Большим  бонусом будущему хозяину станет годами наработанная база клиентов.
3-этажный гостевой дом в Сочи;72 000 000 ⃏;Сочи;"3-этажный гостевой дом в Сочи. Центральный район, микрорайон Мамайка, улица  Загородная. Площадь дома 540 м². Земельный участок площадью 4,2 сотки.

Состав гостевого дома: 15 номеров и 4-комнатной хозяйской квартиры.

Инфраструктура состоит из столовой, лаунж-зоны и паркинга. Центральные  коммуникации. Дом газифицирован.

Поблизости пляжи благоустроенные пляжи. Расстояние до моря 730 метров.

До центра Сочи можно добраться за 10 минут на автомобиле."
Продам гостиницу, порт Тамань;55 000 000 ⃏;Краснодарский край;Продам гостиницу в пос. Волна (порт Тамань).   Гостиница расположена на участке площадью  15  соток. Общая площадь здания  477 м. кв. Все  номера полностью меблированы, оснащены   сплит системами. Коммуникации  центральные –  газ, свет, водоснабжение, канализация.  Гостиница  предназначена для круглогодичной  эксплуатации.   На территории гараж на 4 авто + стоянка.  Расстояние до Черного моря -300 метров.   Документы готовы к продаже. Возможно  использование для проживания строителей  моста  в Крым, а по кончанию строительства - для  отдыха сотрудников компании. См. фото:  альсион.рф  Цена 25 млн. рублей. Тел. 8-918- 047-80-19.
"ГРК ""Славянская ладья""";38 000 000 ⃏;Сочи;"гостинично-ресторанный комплекс  ""Славянская ладья"" ул. Васильковая, д. 8.  500 м от моря 7 соток 1145 кв м. На  территории: цоколь - бар, первый этаж -  ресторан, банный комплекс, 2 и 3 этаж -  гостиничные номера (16 номеров). В  эксплуатации с июня 2013 г. Все  мебелировано и технически оснащено.  Имеется система пожарноохранной  безопасности, контроля доступа,  видеонаблюдения, вентиляции, zepter. Цена: 70 000 000 руб. "
Гостиница на берегу Черного моря с квартирой для проживания;650 000 000 ⃏;Краснодарский край;•	Продается ГОСТИНИЦА в центре курортного посёлка Кабардинка на  ЧЕРНОМ МОРЕ.  •	До пляжа 800 м г.Новороссийск 24 км  г.Геленджик 10 км •	Площадь 438 кв м 3 этажа. земли 3,3 сотки (жилое как и везде там) двор  благоустроен.  •	Вода канализация свет газ – центральное, скважина и накопительные баки. •	На 1 этаже отдельная 4х ком кв с индивидуальным двором и заездом (для  собственника гостиницы либо сдаче по суточно). •	Со второго въезда вход в отель - 16 номеров, комната админа, кухня, 2-3  этажи номера с террасами вид на горы. •	Покупайте, живите отдыхайте и ЗАРАБАТЫВАЙТЕ! •	Сейчас живет пожилая пара, работают сезон, есть спрос в не сезон сдавать  вахтовикам и получать круглогодичный ДОХОД 
Продажа пансионата семейный отдых;255 000 000 ⃏;Геленджик;"База семейного и детского отдыха  расположена в одном из самых  живописнейших мест  черноморского побережья  Краснодарского края в  Геленджикском районе, с.  Кабардинка. База семейного и  детского отдыха расположена на 7- х гектарах земли. На территории  базы имеются спортивные  площадки: футбольная,  баскетбольная, волейбольная,  установлено спортивное  оборудование. Имеется так же  танцплощадка, театр, летняя  эстрада, собственный пляж. На  территории базы имеется магазин  с предметами первой  необходимости и сувенирной  продукцией. Помещения общей  площадью 2370 кв. м; Столовая на 400 пос мест, общей  площадью 605 кв. м; Медицинский  пункт площадью 109 кв. м; складские помещения общей  площадью 500 кв. м;  Четырехэтажный недостроенный  корпус размером 76х17 метров;  Возможная мощность – 300  человек единовременного  размещения имеются все  коммуникации: центральный  водопровод; центральная  канализация; сетевой газ. На территории комплекса имеется  трансформаторная подстанция  230 КВА. "
ОТЕЛЬ 3 звезды;32 000 000 ⃏;Краснодарский край;"Продается  гостиничный бизнес в г.  Краснодаре в районе Пашковского  аэропорта. Отель общей  площадью  2387 кв.м, на земельном участке  955 кв.м. с номерным фондом 56  номеров.   Категория номеров, стандартные  номера первой категории; двух  комнатные номера высшей  категории ЛЮКС; номера Резиденс  и  Резиденс+ образуют клубный  этаж и представляют возможность  размещения до 4 гостей.  Специализированный номер для  наших гостей с ограниченными  возможностями передвижения  обеспечивает максимальное  удобство и может быть соединен с  номером сопровождающего. В отеле предусмотрено  специально оборудованный номер  и стандарт обслуживания,  позволяющий проживать в отеле  гостям с животными.  Все номера оборудованы;  полноценными ванными  комнатами, система  кондиционирования воздуха,  шумопоглащающие окна,  высокоскоростной интернет,  международная и междугородняя  связь, есть все необходимое для  работы и отдыха.    Услуги отеля; завтрак, кафе-бар,  минибар, Room service, проводной  и беспроводной доступ в интернет,  услуги прачечной, парковка,  информирование о статусе  прилета и вылета рейсов  аэропорта Пашковский Срок работы 5 лет. "
Земельные участки под эко туризм, торговые ряды. Оживлённая трасса.;49 900 000 ⃏;Анапа;"Уникальное предложение для коммерции. Трасса А -290 с неиссякаемым потоком автомобилей !  Локация 🔥 более 550 м по фасаду!  Два официальных и утверждённых подъезда ( уже внесены в генплан  РосАвтоДор )  Направление движения  из Крыма !  На плане ИТ-2 границы населенных пунктов! 

Участок - 9 га.  ✅находится  курган , под охраной государством  ✅запланировано строительство новой  высокотехнологичной Винодельни Шато  Стар 2023 г.  ✅

Рассматриваем продажу от 50 соток под коммерцию: ✅Автозаправки  ✅Станции технического обслуживания  ✅Рестораны быстрого питания ✅Шоурумы от ведущих Винзаводов края  ✅Гостиничные комплексы  ✅Складские, логистические объекты ✅Торговые зоны, ярмарки

 Территориально : 📍30 км до Крымского моста  📍40 км до г. Анапа  📍20 км до г. Темрюк  📍120 км до г. Краснодар 

Коммуникации : ✅ электричество / своя трансформаторная подстанция на 45кВат.  ✅ водоснабжение 

 Уже ведутся переговоры с якорными компаниями  Стоимость: ✅ 9 га - 270 000 000 руб. ✅50 сот - 20 000 000 руб. ✅100 сот. - 32 000 000 руб."
Действующая гостиница с бассейном в Сочи. 20 минут от моря;17 220 000 ⃏;Краснодарский край;Дом капитального строения 3 этажа  375, м 2 , с бассейном и сауной,  высокие потолки , светлые комнаты ,  все с балконами и великолепным  видом на кипарисовую аллею и море! В доме на 1-м этаже: светлый  просторный ресепшн, кухня, комната  отдыха -10 м кв с сауной, большой  санузел , уютная спальня 23 м кв. и  лестница на 2 й этаж  На 2-м этаже :( имеет 2 входа) две  спальни (20 и 40м. кв.) , санузел и  огромный 40 м кв балкон с видом на  море. На 3-м этаже :три спальни (20,20 40м.  кв.), санузел. Участок благоустроен, тротуарная  плитка , место для отдыха (под  крышей 40 м кв ) , барбекю  капитальное-отделка камнем  В домовладении газ, водопровод,  центральная канализация, 3-х фазное  электроснабжение (20 Квт). Отделка: полы - плитка и ламинат,  стены - покраска, окна - пластиковые,  кондиционеры, спутниковое ТВ(  установлена тарелка) По желанию можно приобрести 3  сотки дополнительно ( перед домом) Собственник !!!
Гостевой Дом на берегу Черного Моря срочная цена;290 000 000 ⃏;Сочи;•	Инвестируйте в ГОТОВЫЙ БИЗНЕС!  •	В продаже ГОСТЕВОЙ ДОМ на ПЕРВОЙ линии Черного Моря п. Джубга,  Туапсинский район.  •	ВСЕГО 40 шагов от моря, центральный пляж. Супер расположение.  •	Гостевой комплекс общей площадью 820 кв м в 1-2-3х уровнях (здания  частично коммерческие и жилые) всего на 59 номеров со всеми удобствами, для  проживания 150 чел., земельный участок 7.7 сотки все в сосбтвенности.  •	Парковка во дворе на 14 авто. По фасаду легкая кострукция под магазин в  сезон работают арендаторы.  •	Все коммуникации центральные: вода, канализация, электричество, газ.  •	Инфраструктура в шаговой доступности - автостанция 600 м, Аквапарк 400 м,  Дельфинарий 700 м.  •	Продажа срочная, цена ограничена временем! •	Всего по 21 тыс руб 1 кв м не считая земли в собственности, СУПЕР ЦЕНА! 
Продаю гостиницу у моря;300 000 000 ⃏;Краснодарский край;Предлагаю к продаже Гостиницу  ,расположенную в самом центре Геленджика  ,в 150 метрах от центральной набережной .  Уникальная по красоте и протяженности  набережная, чистое море, прекрасно  оборудованные пляжи, многочисленные кафе,  бары и рестораны, парки аттракционов и  прочие заведения культурно- развлекательного характера, расположены в  шаговой доступности от  отеля. При этом, для  тех, кому хочется покоя и тишины, близость  набережной не доставит никаких неудобств -  звукоизоляция во всех номерах отеля  выполнена настолько качественно, что  посторонние звуки и шум городской суеты  никаким образом не смогут нарушить покой  гостя.Площадь здания 1200м2,на земельном  участке 4 сотки . В отеле насчитывается 26  комфортабельных современных номеров в  категориях от «Стандарта» до  «Эксклюзивного Люкса», оборудованных  системами индивидуального  кондиционирования и пожарной  сигнализацией, отдельным полным санузлом  с феном и туалетными принадлежностями,  балконами, спутниковым TV, мини-баром,  телефоном, сейфом, Wi-Fi. Уютные и  комфортные номера сделаны в современном  европейском стиле, расположены таким  образом, чтобы обеспечивать гостям  максимальное уединение. и трёх комнатная  квартира. Из окон номеров открывается  великолепный вид на горы и море,  практически все номера оборудованы  балконами, которые в теплую погоду можно  использовать как отдельную зону отдыха.
Продаю отель у моря;180 000 000 ⃏;Краснодарский край;"Продаю отель на первой лини от моря общей  площадью 2900м2 ,на земельном участке 7  соток . Отель  расположен на самой главной  улице Геленджика – ул. Луначарского в 200  метрах от моря. Это отель в Геленджике с  просторными дизайнерскими номерами, из  окон которых открывается прекрасный  панорамный вид на море и горы. Отель  был  построен в 2012 году и представляет собой  современное 6-этажное здание с лифтом,  рассчитанное на 46 комфортабельных  номеров...Номерной фонд располагает  номерами категории Стандарт, Студия и Люкс.  Часть номеров имеют панорамный вид на  море или горы.4 номера двух комнтных по 60  м2 ,с балконом и видом на море ,4 номера  двух комнтных по 40 м2 ,и 38 номеров по 28  м2 .Этот комфортабельный отель отличается  эффектными интерьерами и всей  инфраструктурой, необходимой для  комфортного отдыха. Все номера  располагают необходимым оборудование  сейф, ЖК телевизор, сплит-система, мини  бар. Для полного комфорта окна оснащаются  шторами с затемнением типа ARF.  Отличительной чертой  является открытый  бассейн, расположенный на крыше здания.  Там же находится смотровая площадка,  шезлонги для гостей. Гостям предоставляется  континентальный завтрак, а при загрузке  отеля более 30 человек - ""шведский стол"". К  услугам туристов - бар у бассейна,  предлагающий смешанную кухню народов  мира. Также можно посетить расположенное  на 6-м этаже кафе или лобби-бар.В  цокольном этаже и на первом есть  помещения свободной планировки ,с  возможностью для любого использования.Из  коммуникаций :все центральные –свет  ,газ,вода ,канализация =ТП своё на 60 к Вт,газ  ТП ,вода есть ещё скважина .Парковка на 20  авто .Цена 300 мил ."
Продаю гостиницу у моря;300 000 000 ⃏;Краснодарский край;Предлагаю к продаже гостиницу в Геленджике  . Гостиница  расположена на самом берегу  Чёрного моря, на набережной Геленджикской  бухты, в центре Геленджика, в районе  аквапарка «Бегемот». Расстояние от отеля до  моря - 50 метров. Пляж галечный, чистый, с  развитой инфраструктурой. На земельном  участке 12 соток в окружении пицундской  сосны ,располагаются три корпуса  гостиницы,26 номеров ,столовая ,зал для  конференции ,бассейн ,сауна .Общая  площадь строения 1430м2.Комфортным  современные номера гостиницы, оснащенные  всеми необходимыми средствами  коммуникации, кондиционерами, сейфами. В  гостинице созданы все условия для отдыха  инвалидов. Есть номера со специально  оборудованными санузлами и подъемники.  Небольшая озеленённая благоустроенная  территория с бассейном с подогревом воды и  зимним садом , сауной, кафе, автостоянкой .   На территории гостиницы ведется  видеонаблюдение. Все коммуникации  центральные :свет 60кВт,газ ,вода  ,канализация ,для бесперебойной подачи  воды есть накопительные баки.В цокольном  этаже располагаются тех комнаты :прачка,  кухня ,комнаты для персонала .При входе  есть зона рецепшена .Цена 180мил 
Продаю отель в Геленджике 50 номеров;350 000 000 ⃏;Геленджик;Предлагаю к продаже Гостиницу .50 номера класса стандарт ,семейный и сюит .Общая  площадь строения 3000 кв.м ,на территории располагается кафе ,бассейн .
Продаю гостиницу у моря;250 000 000 ⃏;Краснодарский край;Предлагаю к продаже  Отель  это новое,  современное четырехэтажное здание,  расположенное в самом центре Геленджика,  комфортный современный отель,  расположенный в центре Геленджика в  шаговой доступности от всей инфраструктуры  курорта, в 700 метрах от побережья Черного  моря и центрального городского пляжа. .  Общей площадью 1890 кв.м.на земельном  участке 6,5 сотки. Отель работает с июня 2016 года, имеет  категорию - 3 звезды. Отель идеально  подходит для тех, кто хочет посетить  курортный город Геленджик с целью отдыха  или деловой поездки. По этажам доставка  проживающих производиться лифтом . Отель  располагает 45 номерами, оборудованными  всем необходимым для комфортного  пребывания. В отели номера разной  категории : двух местный стандарт -Этот звук  изолированный двухместный номер с 1  кроватью оснащен телевизором с плоским  экраном и кондиционером. Номер расположен  на цокольном этаже. Размер номера 19  м².,двухместный улучшенный комфорт  -Номер с кондиционером, сейфом и  телевизором с плоским экраном. В  собственной ванной комнате предоставляется  фен, тапочки и бесплатные туалетное- косметические принадлежности. Размер  номера 20 м².СЕМЕЙНЫЙ НОМЕР -Этот звук  изолированный семейный двух-комнатный  номер оснащен кондиционером. Номер  расположен на цокольном этаже. Размер  номера 28 м².Так же на территории  располагается кафе с шведской линией  питания . Самое большое преимущество данного отеля  в его оснащённости технической. Свет  подведён 75 кВт ,так же есть своя автономная  подстанция (резервная),вода центральная  +скважина (что позволяет быть не зависимой  от города),газ ,центральная канализация .Так  же есть  комната для проживания персонала  (на 5 человек) , прачка . 
Продаю гостинцу у моря;160 000 000 ⃏;Геленджик;Современный уютный отель,построенный по  европейским стандартом , главное в  концепции отеля - сочетание мира фантазий,  навеянного сюрреалистической вселенной  гения, с домашним комфортом и  уютом.Концепт-отель, отвечающий самым  высоким стандартам, принял первых гостей в  2013 году. Он расположен в городе  Геленджике, немного отстранено от обычного  курортного шума.Территория отеля огорожена  решётчатым забором вдоль которого  высажены туи. Перед отелем располагается  парковка, находящаяся под круглосуточным  видеонаблюдением. Живописные окрестности  отеля с отвесной морской кручей, горизонтом,  провожающим солнце, зеленью хвойно -  лиственной армады прекрасны в любое  время года. Здание отеля имеет 4 жилых  этажа, 41 номер. Гостей доставляет к месту  проживания вместительный и бесшумный  лифт. Номера предлагаются категорий  «полулюкс» и «стандарт». Кроме  обязательных элементов оснащения  современных номеров: сплит-системы,  телевизора, телефона и холодильника, в  каждом номере красивая, комфортная  мебель, а балконы оборудованы комплектами  для отдыха. Номера можно объединить для  совместного проживания, например, для  супругов. Интерьерное оформление  гостиницы создавалось под влияние гения  Сальвадора .Дали Мотивы его картин нашли  особенно яркое отражение в отделке  общественных помещений гостиницы – кафе  и вестибюля.Для удобства гостей и  возможности работы круглый год,на  территории отеля есть бассейн с подогревом  и глубиной (для занятий дайвингом),для  любителей русской бани и сауны ,есть и  русская баня и сауна.Так же есть кафе на  территории .Для удобства гостей есть лифт  ,большая парковка.Нулевой этаж отведен под  обустройство банного комплекса, в котором  действуют финская сауна и традиционная  русская баня. На территории гостиницы  расположен открытый бассейн. В  инфраструктуру отеля включена и  охраняемая парковка. Здесь есть «дикий»  пляж, который привлекает своей  романтичностью. До комфортабельного,  обустроенного пляжа можно дойти за 10-12  минут.Интернет (оптоволокно 100 мб/сек от  Ростелекома , новые баки накопительные для  своей скважины , и электричество до 60 кВт)
Продаю гостиницу в Геленджике;700 000 000 ⃏;Краснодарский край;Предлагается к продаже Гостиница в самом центре Геленджика ,в 400м от моря (Район  Толстый мыс) 26 номеров класса стандарт ,полу люкс и семейный. Год постройки 2009  .Земельный участок 9 ,1 соток .На территории бассейн с подогревом ,зона СПА,парковка  .Коммуникации  центральные :свет 50 кВт,газ,вода центральная + скважина, канализация  центральная.Цена 160 мил 
Продаю пансионат;31 000 000 ⃏;Краснодарский край;Пансионат расположен в горном ущелье, на  склонах которого в лесу стоят его 30  коттеджей. Общей площадью 6100м2 . Вокруг  лесной массив на 10 километров в каждую из  трёх сторон, с четвёртой стороны 700 метров  до моря. Собственная территория 6 гектаров  для 200 гостей! Это 300 квадратных метров на  каждого человека. Пляж находится в  уникальной бухте. Высокие скалы с двух  сторон защищают от ветров, а тенистая аллея  из реликтовой пицундской сосны и магнолий  позволяет выйти на пляж без преодоления  перепада высот!Все номера расположены в  коттеджах, максимально два номера на  этаже. Коттеджи 1,2,3 этажа. Из окон  номера   обилие яркой зелени и  шум леса и пение  птиц! Особенности  номеров - это  исключительная экологичность. При отделке   использовали деревья в основном тех пород,  которые произрастают в окрестных лесах.  Для зашиты дерева применялось  минеральное масло, а предметы  антиквариата гармонично вписались в  интерьеры номеров. Все номера класса  Гостевой семейный, Экологический, Студия  имеют террасы, балконы, веранды с гамаками  и летней мебелью.30 домиков ,столовая  ,банный комплекс ,бассейн ,форелевый пруд .  Все аллеи выполнены из натурального камня  и бетона (асфальт отсутствует). Вода  добывается из скважины в верховьях нашего  ущелья и она живая!
Продаю гостинцу у моря;21 000 000 ⃏;Анапа;Срочно продаётся Дом и Гостевой Дом на  Черноморском побережье Краснодарского  края город Геленджик, район Голубая бухта. 8  соток земли. На 4х сотках земли стоит дом в  два этажа, цокольный этаж и мансарда. Дом  построен из кирпича общая площадь 530 м2.  На других 4х сотках земли стоит Гостевой Дом  в три этажа на 14 комнат, общая площадь 350  м2. общая кухня, место под навес, смотровая  площадка ДОМ : Цокольный этаж - котельная (насосная) 20м2 - предбанник 18м2 - душевая 5м2 - кладовая комната 8м2 1й Этаж - гостиная 30м2 - столовая + кухня 40м2 - кабинет + библиотека 30м2 - кладовая 3м2 - ванная комната 17м2 - лестница + холл 30м2 2й Этаж + (балкон 1 0м2 ) - спальная комната + ванная комната 30м2 - спальная комната 18,5м2 - спальная комната +ванная комната 31м2 - спальная комната 15м2 - спальная комната 15м2 Общая ванная комната 5м2 Лестница + холл 37м2 Мансарда  Холл 80м2 - спальная комната 15м2 - спальная комната 15м2 - спальная комната 15м2 - спальная комната 15м2 Гостевой дом: Двухкомнатные ( 3 ) Студия ( 3 ) Стандартные ( 8 ) номера, оснащенные современной удобной  мебелью. В номере: * большая двуспальная, либо две  односпальные кровати * прикроватные тумбочки, шкаф,  * санузел и душ На территории гостиницы специально для  Вас: * кухня (газовая плита, посуда) * гладильные принадлежности, стиральная  машина * смотровая площадка 
Уютная гостиница в курортной зоне г.Анапы;100 000 000 ⃏;Краснодарский край;Продам гостиницу с собственной уютной  территорией 6сот., с бассейном, зоной отдыха  и приема пищи. На территории комплекса  можно воспользоваться бесплатным Wi-Fi.  Корпуса гостиницы построены из  экологически чистых материалов- натурального дерева, имеются  двухуровневые и одно уровневые номера с  террасами, все номера оборудованы  телевизором, холодильником. В каждом  номере имеется санузел. Расположена в  тихом месте города Анапы р-н Пионерского  проспекта, недалеко от ЖД вокзала, вход на  территорию с двух улиц. В 12-14 минутах  ходьбы от песчаного пляжа и живописных  барханов. Удобный подъезд, парковка без  ограничений. Остается вся мебель и техника,  Есть наработанная клиентская база- отличное  наследство будущим хозяевам!
Гостиница в Витязево 1136 кв.м на участке 8 сот.;250 000 000 ⃏;Сочи;"Продается гостиница 1136 м2 на участке 8  сот., расположенная 10 минутах ходьбы от  моря в Витязево, Анапа и рассчитанная на  120 мест.

Основательное здание 2007 года постройки, в  настоящее время идет косметический ремонт,  который будет полностью завершен к началу  туристического сезона. Также будет заменена  часть мебели в номерах. Всего 6 этажей  вместе с мансардой, в цоколе — кафе с  отдельным входом с улицы и из гостиницы,  рассчитанное на 40 человек, а также — сауна  и бассейн.   Всего в гостинице 36 номеров, из них один —  это полноценная 2-х комнатная квартира.

Вода, газ, канализация центральная,  транcформаторная подстанция; с водой не  бывает перебоев, т. к. есть еще своя емкость  на 40 кубов.

Также есть отдельно стоящее кафе-пивбар и  своя детская площадка. К сезону будет  оборудован бассейн на улице."
Продажа меблированного Апарт-отеля в Сочи, Центральный район;400 000 000 ⃏;Краснодарский край;Продажа меблированного Апарт-отеля в  Сочи, Центральный район  Разрешение на строительство, ДДУ, Акт  ввода в эксплуатацию.   Здание 5-ти этажное нежилое, первая  линия от моря, расположено на общей  территории крупного жилого комплекса.  Общая площадь порядка 1000 м2.  Помещений 29 штук (все стоят на отдельном  кадастровом учете и имеют св-во ЕГРН).  Два первых этажа- офисные, остальные  этажи- готовые аппарты с ремонтом и  мебелью («под ключ»). Коммуникации:  отопление от газовой котельной,  эл.снабжение, водоснабжение и  канализация- центральные. Земля на праве  собственности. Имеется эксплуатируемая  кровля, где можно организовать досуговую  зону для жителей. На территории жилого  комплекса имеются различные магазины,  аптеки, парковка и иная необходимая  инфраструктура. Прямой выход к морю –  тоннель под ЖД. Имеется дополнительный  земельный участок 47 сот.(продажа за  отдельную стоимость). Только по делу! Риелтерам, Оценщикам -  Строго не беспокоить! 
Продается Гостиница в Сочи;315 000 000 ⃏;Туапсе;Продается Гостиница в Сочи Продаётся гостиница в центре посёлка  Лазаревское, в 80 м от моря - это 3 минуты  ходьбы до берега моря. Рядом - остановка  общественного транспорта, 6 маршрутов.  Состоит из 2-х зданий, каждое под своей  крышей. Построены в 2010 году. 1 - ое здание по документам - нежилое, 7 -  ми этажное, один этаж - подземный.  Площадь - 2 026 кв. м. 2 - ое здание по документам - жилое, 2 - х  этажное. Площадь - 174 кв. м. Также, имеется подземный гараж, площадью  300 кв. м. Удобный заезд и выезд. Расположена гостиница на участке 8 сот.,  назначение - ИЖС, в собственности. Рядом находится соседский участок 6 сот.,  который можно выкупить. В цокольном этаже находится шикарный  ресторан, бар и столовая, которые занимают  вместе с кухней площадь 300 кв. м. 48 номеров!!! Из них 12 - двух комнатных и 36 - студий по  18 кв. м. Все номера типовые, с балконами.  Во всех номерах с балкона открывается вид  на море. Отличаются только по категории.  На 7 - ом этаже расположены 8 номеров для  обслуживающего персонала.  На первых двух этажах - тёплые полы. На  остальных этажах - батареи.  Панорамный лифт. У гостиницы своя котельная. 2 газовых котла  Бакси. На свет, воду, канализацию и газ заключены  договора с организациями на тех. условия. Из гостиницы - прямой выход на пляж,  шириной 30 м, оборудованный всем  необходимым для комфортного отдыха и  купания взрослых и детей. Пляж галечный,  галька мелкая, присутствует и песчаная  зона. Вход на пляж бесплатный. Только - по делу! Посредникам не  беспокоить!
Продаю гостинцу у моря;520 000 000 ⃏;Краснодарский край;Предлагаю к продаже современный уютный  отель в самом центре города Геленджика .  Современный комфортабельный отель,  расположенный в уютном и экологичном  районе Геленджика, в 400 м от центрального  городского пляжа. Вся курортная  инфраструктура находится в пешей  доступности от отеля: парк аттракционов,  киноконцертный зал, аквапарк, кафе, бары,  магазины. Здание отеля представляет собой  четырехэтажный корпус без лифта ,общей  площадью 2000 кв.м , расположенный на  закрытой территории площадью 0,9 га.  Номерной фонд представлен 50 номерами  категорий полулюкс и люкс. Полулюкс номер  – 20 кв.м ,расчитан на проживание двух- трёх  человек .В номере: двуспальная кровать,  прикроватные тумбочки, раскладной диван,  рабочее место, шкаф, вешалка с багажной  полкой, журнальный столик, Wi-Fi, телевизор,  кондиционер, санузел с душевой  кабинкой.Номер Люкс общейй площадью от  40 кв.м ,расчитан для проживание семьи .В  номере: двуспальная кровать, прикроватные  тумбочки, раскладной диван, рабочее место,  шкаф, вешалка с багажной полкой,  журнальный столик, Wi-Fi, телевизор,  кондиционер, санузел с душевой  кабинкой.Отель работает по системе «все  включено». В отеле есть кафе и линия  шведская . На территории располагается  открытый подогреваемый бассейн с детской  зоной для плавания и шезлонгами для  принятия солнечных ванн.Отель построен в  2020г ,принимает гостей с 2011г,есть своя  наработанная база постоянных клиентов  .Отель строился по современным  технологиям : мололит блок ,с наруже  утиплитель и отделка короеед .В номерах в  2021г проводили ремонт и рекострукцию.Все  коммуникации подведегны центральные :свет  45 кВт ,вода ,канализация (скважина ) ,газ . 
Продам апартаментный комплекс;450 000 000 ⃏;Геленджик;Красная поляна, п. Эстосадок. Площадь 904м2, земля в собственности, 15  соток,  Газ, вода, канализация, свет - центральные. Возможна реконструкция 3 этажа Фото и детали по запросу
Новый отель на продажу в Анапе;80 000 000 ⃏;Краснодарский край;Новый отель на продажу в Анапе, одном из  самых популярных морских курортов на Чёрном  море Год постройки: 2021г. Общая площадь застройки: 1475 кв.м. (2 этажа +  цоколь и мансарда) Площадь земельного участка: 2340 кв.м. (в  аренде на 49 лет) Номерной фонд: 49 номеров Территория гостиницы включает в себя 2  бассейна, фитнес-зону и велнес-зону с сауной и  джакузи   Цена: 520.000.000 рублей Контактное лицо: a.alessio@regens- international.com 
Продажа гостинницы в Сочи;81 000 000 ⃏;Геленджик;покупка действующего санатория-гостиницы,  стоимостью 1,5 миллиардов рублей, партнер- инвестор становится хозяином гостиницы и сразу  начинается возврат денег, мы помогаем  управлять гостиницей, а также производством  БИО топлива из древесины, вложенные деньги  вернутся в течение 10 лет, а от производства  партнер получит прибыль в размере 72  миллионов евро и он остается хозяином  гостиницы, производства и имущества, а также  построенные цеха, склады, здания и все это  приличные деньги. Производство перспективное  в расширения производительности, которая  принесет высокую прибыль.
г.Сочи  - гостиница 5*;1 100 000 000 ⃏;Краснодарский край;"готовый бизнес в г.Сочи  - гостиница 5* на  территории парк-отеля  класса люкс. Первая  береговая линия  - пляж Имеретинский (ГФЗ   Сириус), до моря 50 метров.  Трехэтажное здание 673 мКв , лифт,  эксплуатируемая кровля, собственный  бассейн, парковка.   7  номеров полностью оборудованных и  готовых к приему гостей, зона ресепшн,  кухня  для лобби бара, гостиная с камином.   Круглосуточное видеонаблюдение территории  отеля, круглосуточное патрулирование, въезд  через КПП.  Гостиница расположена в живописном парке в  окружении вековых платанов, эвкалиптов,  кипарисов, финиковых пальм, кленов,  олеандров…  К услугам Ваших гостей вся инфраструктура   отеля:  - аква-зона с подогреваемым крытым  бассейном, хамамом, сауной, русской баней,  водными аттракционами и СПА - пляжная зона с душевыми кабинами, личной  кабинкой для переодевания. Для любителей  активного отдыха организованы развлечения  на воде - открытый бассейн с видом на море; - тренажерный зал, пункт проката спортивного  инвентаря - музыкальный фонтан, кинозал - прачечная с химчисткой -круглосуточный консьерж-сервис."
Действующий хостел в Сочи;41 755 000 ⃏;Геленджик;Продается действующий дизайнерский хостел De  art в Сочи. Собственность 538 м2, 2 этажа, 5  номеров гостиничных, 9 номеров хостельных.  Вместимость до 67 человек. Статус - нежилое.  Прибыльность от 300 до 800 тыс. руб/месяц.  Операциорнка налажена. До моря  700 метров.  Рядом Дендрарий. На букинге рейтинг выше 9. 
Кемпинг на Черном море;13 000 000 ⃏;Краснодарский край;"Пожалуйста, пишите сообщения в WhatsApp  или Telegram. На телефонные звонки не отвечаю.

Действующий и развивающийся бизнес в сфере  туризма и гостеприимства (кемпинг, глэмпинг,  база отдыха). Находится на первой линии  Черного моря Краснодарского края.

Рост год к году на 50-100%

Материальные активы. — Два договора аренды лесных участков на 49  лет — Согласованный проект освоения лесов

Дополнительное оборудование: — Видеонаблюдение — Кондиционеры во всех комнатах для  размещения Гостей — Телевизоры — Оборудование для кухни

Коммуникации. — Электричество — Вода — Высокоскоростной проводной интернет — 5 септиков

Высажены саженцы крупномеры.

Нематериальные активы:

Программное обеспечение — PMS — система управления гостиницей  (календарь бронирования, касса, отчеты, уборка) — CRM — управления взаимоотношениями с  Гостями (переписка, звонки) — виртуальная АТС для отслеживания качества  общения с Гостями — кассы и система управленческого учёта

Маркетинговые активы: — Социальные сети в общей сложности более  24 000 подписчиков — Сайт с посещаемостью более 50000  посетителей в год — Каналы продаж (Booking, Ostrovok, Avito, Tvil,  Airbnb) — База Гостей более 5000 человек

Расположение между морем и трассой А-147  Джубга-Сочи., недалеко от поселка Джубга. Три  железнодорожных вокзала: Горячий Ключ и  Туапсе — 50 километров; Краснодар, примерно,  120  километров. Ближайшие аэропорты – Геленджик  и Краснодар."
"Гостиница ""Calipso"" 3156 м²";97 500 000 ⃏;Геленджик;"Предлагаем Вашему вниманию успешно  действующий и хорошо организованный  готовый бизнес. Комплекс, с обслуживающим персоналом,  полностью укомплектован мебелью, кухонным  и всем необходимым оборудованием. Отель Calipso 4*, удобно расположен рядом с  горнолыжным курортом Красная поляна с.  Эсто-Садок у подножия горы Аибга, представляет собой уютный, пятиэтажный  комплекс для отдыха. К услугам гостей 66  комфортабельных номеров категорий  Стандарт, Комфорт и Премиум ( от 20 до 71 м  ) оснащенных современной мебелью, smart- телевидением, сейфами, полностью  оборудованной ванной комнатой, бесплатным  Wi-Fi. На территории отеля работает ресторан, бар,  лобби-бар. Построен спортивно-тренировочный комплекс  30х18 метров для проведения различных  спортивных мероприятий, сборов и  тренировок.

Расположенные рядом объекты досуга: Канатная дорога Горная карусель - 0.9 км Аквапарк, кинотеатр, боулинг - 0.7 км Горнолыжный комплекс Роза Хутор - 3.5 км Трамплинный комплекс Русские Горки - 2.1 км Центр санного спорта Санки - 2.8 км 30 км до аэропорта."
Гостевые дома на берегу горной реки и шикарным видом на горы;110 000 000 ⃏;Краснодарский край;"Прибыльный туристический бизнес -гостевые  дома на берегу горной реки и шикарным  видом на горы,  высоким рейтингом на  Букинге 9,1 из 10!

Окупаемостью менее 6,5 лет !

Известный на рынке более 11 лет под  брендом ""Теремок 1"" хорошо пользуется  популярностью  среди гостей столицы и  других городов и имеет свою наработанную  базу постоянных клиентов.

На участке -23 сотках  прекрасно  разместились:

- 9 гостевых домов ,с 15 беседками вокруг  домов и на берегу реки, -26 номеров полулюкс и люкс разместят 65  гостей, -кафе вместительностью на 50 человек , -2 русские бани на дровах.

Территория гостинного комплекса прекрасно  оборудована и облагорожена. На ней также имеются:

Своя подстанция , дизельная  электростанция,малая электростанция,  котельная с комнатой для персонала , административное помещение, септик стационарный ,само  перерабатывающий .

Новый собственник спокойно может оставить  ведение бизнеса на администрацию  комплекса и наблюдать по 16 видеокамерам  ,которые установлены по территории в  режиме онлайн.

Чистый воздух, горная река, термальные  источники ,а также горнолыжные курорт  делают наш комплекс очень популярным в  любое время года!

Большая перспектива -выкупить соседний  участок 30 соток и расширить зону  отдыха,разместив там просторный бассейн и  еще гостевые домики,в которых еще  разместите до 200 человек.

Спешите не упустить свой шанс и купить  успешный бизнес!"
Гостиничный бизнес;220 000 000 ⃏;Геленджик;В продаже гостиничный бизнес сдача  апартаментов в аренду посуточно. Сдачей  апартаментов занимается управляющая  компания комплекса в соотношении 80/20.  Минимальная цена 5000 р/сутки.  Апартаменты  укомплектованы необходимой мебелью и  техникой! Продвижение осуществляется  посредством собственного сайта комплекса, с  использованием площадок бронирования.  Бронированием, заселением, а так же  подготовкой квартир занимаются работники  управляющей компании. Номера бронируются  заранее,поэтому можно всегда рассчитать  свою прибыль за определенный квартал!  Комплекс очень востребован клиентами как  для отдыха, так и для проведения деловых  конференций! Средний ежемесячный оборот  бизнеса в сезон, составляет около 1000000  рублей при расчете из пяти апартаментов. По  Вашему запросу, будет составлен список  интересных инвестиционных  объектов,проведена презентация и  произведение расчетов(согласно примеру  существующих бизнес проектов в том или  ином комплексе)  Площадь помещений:от 21 до 150м2  Цена за м2:от 260.000 до 330.000т.р  Стоимость аренды:от 5.000т.р до 25.000т.р / сутки Доля:100%
Апартаменты на море;44 900 000 ⃏;Краснодарский край;"Апартаменты под гостиничный бизнес.

До моря 1 минута



Объект так же входит в состав города-отеля  Redisson, получая при этом  определённое преимущество в сфере  маркетинга.

Все номера оборудованы необходимой  мебелью и техникой, что так же является  преимуществом перед конкурентами.

Реализуемые площади от 23м2 до 66м2,  небольшая площадь как правило более  востребована.

Огромная территория включает все  необходимые заведения для отдыха и  проживания.Площадки для спорта и отдыха.

Имеется наземная бесплатная парковка.  Гибкая ценовая политика.Популярен среди  туристов и гостей города.

Дисконт обсуждается индивидуально.

Звоните с 9-23"
Отель в центре Сочи Максим Горький;14 500 000 ⃏;Геленджик;Предлагается к продаже готовый гостиничный  бизнес – отель в центре курортной столицы!  Оптимальный номерной фонд, наработанная  клиентская база, удобнейшая локация на  улице Горького, в здании бывшего ЦУМа,  расположенном менее чем в 1 км от пляжа  «Ривьера» и в 2,3 км от парка «Ривьера», то  есть, это одновременно деловой центр города  и любимое место туристов. В шаговой  доступности также находится большое  количество различных кафе и ресторанов на  любой вкус. Хорошая транспортная развязка.  Отель Максим Горький имеет высокие  рейтинги на Booking и прекрасные отзывы на  всех других менее популярных площадках  размещения. Свежий ремонт с уютной  атмосферой, подходящей как для деловых  поездок, так и для комфортного отдыха,  дорогая сантехника, современная мебель,  удобный лаундж, быстрый Wi-Fi, отличная  шумоизоляция. Полная занятость в сезон, с  бронью за месяц вперед и почти  стопроцентная в не сезон. Полный пакет  документов, проверенный юристами,  отчетность, вышколенный и приветливый  персонал. Отель Максим Горький это быстрая  окупаемость с чистой прибылью от двух  миллионов в месяц и просто выгодное  вложение в недвижимость в центре Сочи!
Отель в Анапе;30 000 000 ⃏;Краснодарский край;"https://www.youtube.com/watch?v=BkfPxfOuoFs Основная информация: Организационно правовая форма: ООО Срок существования бизнеса в годах: 3 Количество работников: 20 Сайт: Раскрученный сайт Документы и лицензии: Вся разрешительная документация имеется. Полная продажа. Собственность. Способ продажи – смена 100 % долей ООО Недвижимость: Территория 7,4 сотки – все в собственности. Здание гостинично - ресторанное (64 номера). Банный комплекс Здание, состоящее из 7 этажей. Общая площадь помещений: 2786 м2. Коммуникации все центральные. Общая характеристика отеля Продаваемый отель является крупнейшим и  наиболее комфортабельным гостиничным  комплексом в развитом регионе, который  характерен удачным месторасположением  вблизи моря, города и спортивных  комплексов. Отель построен в 2015 году.

Является современным комплексом, который  в полной мере отвечает международным  стандартам 3 звездочного отеля:  инфраструктура, отделка интерьеров,  современная техника и оборудование,  высокий уровень комфорта и сервиса, лифт.  Здездность на данный момент не присвоена.

Заселяемость отеля является достаточно  высокой в течение всего года. Ввиду того, что  отель является крупнейшим и наиболее  комфортабельным в этом районе, то его  гостями в разное время становятся  отдыхающие, спортсмены, детские  футбольные и хоккейные команды и не  только.

Номерной фонд Номерной фонд отеля рассчитан на прием  около 200 гостей, которые размещаются в 64  номерах: одно и двух местных, номерах Люкс  и Премьер. Развлечения На крыше отеля находятся два  подогреваемых бассейна: детский и  взрослый; танцпол, барные стойки по системе  «все включено». С крыши открывается  панорамный вид на море.

Спортивный отдых Рядом с отелем находятся современный  боулинг, биллиард, настольный теннис. Ресторан Вместительный ресторан рассчитан на  одновременный прием около 120 гостей.  Декор ресторана выражен в ярком стиле с  эксклюзивным дизайном, многие детали  выполнены вручную и являются  единственными в мире.  Кухня ресторана оборудована самым  современным гастрономическим и  технологическим оборудованием.

В ресторане отеля большой популярностью  пользуется проведение различных  корпоративных мероприятий, свадеб,  юбилеев и т.п.

Так же столовая, находящаяся в отеле  вмещает 120 посетителей. Отель работает со всеми известными сайтами  по размещению. При приобретении этого отеля Вы получаете  круглогодичный доходный бизнес в одном из  лучших курортов Краснодарского края. "
ЭКО-ОТЕЛЬ НА ПЕРВОЙ ЛИНИИ МОРЯ;47 529 950 ⃏;Геленджик;     Продаю собственный   уникальный объект,  состоящий из двух земельных участков на  первой линии  моря, на которых расположено   12 комфортабельных двухэтажных   коттеджа   из экологически чистого сибирского  оцилиндрованного бревна со всеми  коммуникациями       Идеей для  создания нашего  эко-отеля  послужило сочетание идеального  месторасположения на берегу Азовского  моря, вдали от суеты,  уникальный  микроклимат деревянного дома и  неповторимый интерьер.  Строил  для себя,  по всем канонам  деревянного домостроения.  Дома прошли  основной усадочный цикл (два года). На  данном этапе завершаем чистовую отделку   На участке заведено  30 киловатт  электроэнергии. Водопровод – центральный,  участок газифицирован.  Канализация -  септик 50 кубов. Так же  проложена пожарная сигнализация. Видеонаблюдение.Интернет Все этапы  строительства зафиксированы  в  видео и фото материалах. ЦЕНА на данный момент. 
продаю гостиницу на 19 номеров + дом 7*7 с удобствами+дом 7*7 на 10,5;121 122 690 ⃏;Краснодарский край;срочно продаю мини гостиницу на 18 номеров с удобствами + дом 7*7  центр пос  Витязево на 10,5 сотках , до море 15-20  минут пешком, на маршрутке 5 минут,  подходит прям к пляжу. в номере душ,  туалет, телевизор, вентилятор, на  территории две общих кухни, стоянка на 10  машин,  бассейн, песочница, спорт уголок, две  беседки, мангалы, территория большая  работает круглый год отопление в 14  номерах. тел  89183969170 алексей 89186448522 инна  есть мого места для строительства . 
Гостевой дом у моря,г. Геленджик;17 038 710 ⃏;Геленджик;Лучший подарок на Новый год -  стабильность!  Никто не знает, что принесёт 2021 год,  когда откроют границы и когда же мы  снова сможем путешествовать! Но мы  знаем точно, что гостиничный бизнес  в нашей стране - это отличная  страховка, которая гарантирует  стабильный заработок. Геленджик  прекрасное место для отдыха, которое  совмещает в себе море и горы,  семейное спокойствие и безудержное  движение ночного города! Геленджик -  место мечты.  Гостиница находится у центрального  пляжа, всего в 3 минутах ходьбы.  Рядом находится вся необходимая  инфраструктура, где вы можете  посидеть и покушать. В гостинице 3 этажа, 10 современных  номеров с «евроремонтом»  проведено электричество,  водоснабжение, газ, wi-fi.  А как приятный бонус, продаётся  полностью с мебелью, постельными  принадлежностями, своей базой  постоянных гостей + отзывами на  сайтах!  Оперативная демонстрация по  видеосвязи. По всем вопросам  звонить по номеру +7-916-312-90-51  Маргарита или писать в сообщениях.  Без посредников, от собственников.  Торг 
Гостиница на Чёрном море;76 375 000 ⃏;Краснодарский край;"Действующая гостиница в пос. Лермонтово на  расстоянии 500м от моря, 7-8 мин. спокойной  ходьбы по ровной поверхности. На  территории расположены 2 отдельно стоящих  корпуса, общая площадь всех помещений  согласно документам 945,5 м2, земельный  участок 12 соток. Все в собственности. Общее количество номеров 38, из них 23  номера категории «люкс» оборудованы  телевизором, сплит-системой,  холодильником, душем и туалетом. Имеется  зона Wi-Fi. Максимальная загрузка до 100  человек. На площадке для загара и отдыха  имеются 2 навеса от дождя, бильярд и  бассейн размером 5х9м с сектором для детей  малой глубины, оснащенный всем  необходимым оборудованием, в том числе  установлены ультрафиолетовые лампы для  дезинфекции воды. Гостиница оснащена  системой видеонаблюдения, канализация и  водоснабжение центральное. Обеспечение  горячей водой осуществляется посредством  солнечных батарей, имеются емкости для  запаса горячей и холодной воды, установлен  насос повышающего давления. Имеется  электростанция на случай отключения. Один  корпус оборудован системой отопления,  установлены радиаторы во всех помещениях.  На территории расположена стоянка для  машин клиентов, зона отдыха с мангалом.  Организовано 3-х разовое питание, столовая  площадью 80м2 на 50 мест и кухня ,  оснащенная профессиональным  оборудованием. Возможность проведения  семинаров и банкетов. По составу номеров;  стандарты: 2-х мест-12, 3-х мест-9, 4-х мест-2;  экономы: 2-х мест-3, 3-х мест-10, 4-х мест-2,  полная загрузка около 100 чел. Выручка за  сезон май-сентябрь составляет около 9,5 млн  руб (проживание 6,5 и питание 3 млн руб).  Сезонные расходы порядка 1 млн руб. Есть  возможность увеличения прибыли- дооборудование номеров категории эконом  до стандартов, хотя и на бюджетные номера  устойчивый спрос. Также возможно  расширение ассортимента и формата работы  кафе,запуск бара у бассейна. при звонке ссылайтесь на №481."
Отель в Анапе;130 000 000 ⃏;Геленджик;"Отель расположен в поселке Сукко в 12 км от  Анапы. Наш отель расположен максимально близко  от моря в 10 минутах ходьбы. В 1 км от отеля  расположен пос. Утриш, где имеется уютная  бухта –парковка для яхт. Там же расположен  Анапский дельфинарий.

Это новый, открывшийся в 2011 году,  современный отель, рассчитанный на  семейный отдых с детьми. Интерьер отеля  выполнен в стиле французского городского  Прованса. Мебель, текстиль в номерах  разрабатывались с участием российских,  немецких и французских дизайнеров. Картины  и аксессуары в отеле привезены из разных  стран мира.

Отель рассчитан на прием отдыхающих  круглый год,на территории отеля весной 2013  введён в эксплуатацию комплекс бассейнов с  подогревом. Отель состоит из двух корпусов:

•основной жилой корпус общей площадью  1200 кв.м. в пяти уровнях. В этом корпусе  расположены все 33 номера: 5 студий разного  размера, 4 двухкомнатных люкса площадью  48 кв.м. и 24 стандартных номера площадью  по 24 кв.м Второй корпус является вспомогательным. В  нем находятся складские помещения, 4  помещения , которые можно использовать в  коммерческих целях ( например под СПА  зону).

•С фасадной стороны этого корпуса  расположены 7 торговых павильонов и  коммерческое помещение100 кв. м. на втором  этаже

Отель располагается на земельном участке  площадью 1600 кв.м.Помимо корпусов на  участке находятся 3 бассейна, эона с  шезлонгами, бар, беседка, уличная детская  игровая площадка, мангал. •Отель обеспечен альтернативным  источником электропитания (дизельный  генератор), источников воды (скважина), что  позволяет не зависеть от аварий на общих  сетях. Отель имеет свой сайт, который находится в  ТОПе по основным запросам. И подавляющее  большинство заявок поступает именно через  наш сайт. •Отель в межсезонье приспособлен для  проведения семинаров, тренингов и подобных  мероприятий.

•По уровню обслуживания и перечня  предоставляемых услуг в пос. Сукко  конкурентов отелю нет.•Средняя  загруженность отеля в летний сезон  составляет 65%, в июле-августе -95%. Кроме  доходов от сдачи номеров, возможна сдача в  аренду либо использование м для торговли 7  торговых павильонов и коммерческого  помещения с фасадной стороны отеля. Также  есть возможность увеличить количество  номеров либо использовать в других  коммерческих целях 4 помещения и  отдельный санузел при них во втором  корпусе."
